Brand,Model,Type,Gender,Size,Color,Material,Price (USD)
Nike,Air Jordan 1,Basketball,Men,US 10,Red/Black,Leather,$170.00 
Adidas,Ultra Boost 21,Running,Men,US 9.5,Black,Primeknit,$180.00 
Reebok,Classic Leather,Casual,Men,US 11,White,Leather,$75.00 
Converse,Chuck Taylor,Casual,Women,US 8,Navy,Canvas,$55.00 
Puma,Future Rider,Lifestyle,Women,US 7.5,Pink,Mesh,$80.00 
Vans,Old Skool,Skate,Men,US 8.5,Black/White,Suede/Canvas,$65.00 
New Balance,990v5,Running,Women,US 6.5,Grey,Suede/Mesh,$175.00 
Asics,Gel-Kayano 28,Running,Men,US 10.5,Blue,Mesh,$160.00 
Fila,Disruptor II,Fashion,Women,US 9,White,Leather/Synthetic,$65.00 
Skechers,Go Run Razor 3,Running,Men,US 9,Black,Mesh,$110.00 
Nike,Air Max 270,Running,Women,US 7,Pink,Mesh,$150.00 
Adidas,Stan Smith,Casual,Men,US 9,White/Green,Leather,$80.00 
Reebok,Club C 85,Casual,Women,US 8.5,Pink,Leather,$70.00 
Converse,One Star,Skate,Men,US 10,Black,Suede,$75.00 
Puma,RS-Fast,Lifestyle,Men,US 9.5,Yellow,Leather/Synthetic,$110.00 
Vans,Authentic,Skate,Women,US 6,White,Canvas,$50.00 
New Balance,Fresh Foam 1080v11,Running,Men,US 11.5,Blue,Mesh,$150.00 
Asics,Gel-Nimbus 23,Running,Women,US 8,Purple,Mesh,$150.00 
Fila,Ray Tracer,Fashion,Men,US 10,Black,Synthetic,$70.00 
Skechers,Arch Fit,Walking,Women,US 7.5,Grey,Mesh,$70.00 
Nike,Air Force 1,Casual,Men,US 10,White,Leather,$90.00 
Adidas,NMD_R1,Running,Women,US 8.5,Black/Pink,Primeknit,$140.00 
Reebok,Zig Kinetica II,Running,Men,US 11,White,Mesh,$120.00 
Converse,Jack Purcell,Casual,Women,US 7.5,Navy,Canvas,$65.00 
Puma,Calibrate Runner,Running,Men,US 9.5,Black,Mesh,$80.00 
Vans,Sk8-Hi,Skate,Women,US 8,Black/White,Suede/Canvas,$70.00 
New Balance,327,Lifestyle,Men,US 10,Blue/Orange,Suede/Mesh,$90.00 
Asics,Gel-Quantum 180,Running,Women,US 9,Grey,Mesh/Synthetic,$120.00 
Fila,Mindblower,Fashion,Men,US 8.5,White,Leather/Synthetic,$75.00 
Skechers,D'Lites,Walking,Women,US 7,Black,Synthetic,$65.00 
Nike,Air Max 2090,Running,Men,US 9,Grey,Mesh,$150.00 
Adidas,Adizero Adios 5,Running,Women,US 7.5,Blue,Mesh,$170.00 
Reebok,Nano 9,Cross-training,Men,US 10,Black,Mesh/Synthetic,$130.00 
Converse,Chuck 70,Casual,Women,US 9,Pink,Canvas,$85.00 
Puma,Future Rider Play,Lifestyle,Men,US 9,Black/Red,Synthetic,$90.00 
Vans,Slip-On,Skate,Women,US 7,Checkered,Canvas,$50.00 
New Balance,574,Casual,Men,US 9,Black/Grey,Suede/Textile,$80.00 
Asics,Gel-Kayano 27,Running,Women,US 8.5,Purple,Mesh/Synthetic,$160.00 
Fila,Venom,Fashion,Men,US 9.5,White/Red,Leather/Synthetic,$65.00 
Skechers,Go Walk 5,Walking,Women,US 7.5,Black,Mesh,$60.00 
Nike,Air Force 1,Casual,Men,US 11,White,Leather,$90.00 
Adidas,NMD_R1,Running,Women,US 9,Black,Knit,$140.00 
Reebok,Zig Kinetica II,Running,Men,US 9.5,White,Mesh,$120.00 
Converse,Jack Purcell,Casual,Men,US 10,White,Canvas,$65.00 
Puma,Suede Classic,Casual,Women,US 8.5,Beige,Suede,$65.00 
Vans,Sk8-Hi,Skate,Men,US 8,Black/White,Suede/Canvas,$70.00 
New Balance,327,Casual,Women,US 7.5,Orange,Suede/Mesh,$100.00 
Asics,Gel-Kayano 28,Running,Women,US 7,White,Mesh,$160.00 
Fila,Original Fitness,Casual,Men,US 11,White/Navy,Leather,$70.00 
Skechers,Go Walk 5,Walking,Women,US 8,Black,Mesh,$60.00 
Nike,Free RN 5.0,Running,Men,US 10,Grey,Mesh,$100.00 
Adidas,Adilette Cloudfoam,Slides,Women,US 6,Black,Synthetic,$35.00 
Reebok,Nano 9,Crossfit,Men,US 10.5,Black,Mesh,$130.00 
Converse,Chuck 70,Casual,Women,US 7.5,Pink,Canvas,$85.00 
Puma,Clyde All Pro,Basketball,Men,US 9.5,Black/Red,Leather,$130.00 
Vans,Era,Skate,Women,US 6.5,White,Canvas,$55.00 
New Balance,Fresh Foam More v2,Running,Men,US 12,Black/Grey,Mesh,$165.00 
Asics,GT-2000 10,Running,Women,US 7,Blue,Mesh,$120.00 
Fila,Mindblower,Casual,Men,US 9.5,White/Blue,Leather/Synthetic,$75.00 
Skechers,Dynamight 2.0,Training,Women,US 9,Black,Mesh,$50.00 
Nike,Air Force 1,Basketball,Men,US 11,White,Leather,$90.00 
Adidas,NMD_R1,Lifestyle,Women,US 7,Pink,Primeknit,$130.00 
Reebok,Nano X1,Training,Men,US 9,Black,Knit,$130.00 
Converse,Chuck 70,Casual,Women,US 8.5,Yellow,Canvas,$85.00 
Puma,Clyde All-Pro,Basketball,Men,US 10,Red,Leather,$130.00 
Vans,Sk8-Hi,Skate,Women,US 7,Black,Suede,$70.00 
New Balance,Fresh Foam 1080v11,Running,Women,US 8,Green,Mesh,$150.00 
Asics,Gel-Quantum 360,Running,Men,US 11,Blue,Mesh,$170.00 
Fila,D-Formation,Casual,Women,US 8.5,White,Leather,$65.00 
Skechers,Max Cushioning,Running,Men,US 8.5,Black,Mesh,$90.00 
Nike,Air Max 90,Lifestyle,Women,US 6,Grey,Leather,$120.00 
Adidas,Yeezy Boost 350,Lifestyle,Men,US 10,Black,Primeknit,$220.00 
Reebok,Classic Nylon,Casual,Women,US 7.5,Pink,Nylon,$65.00 
Converse,Jack Purcell,Casual,Men,US 9,White,Canvas,$65.00 
Puma,Calibrate Runner,Running,Women,US 9,Grey,Mesh,$120.00 
Vans,Era,Skate,Men,US 9.5,Red,Canvas,$50.00 
New Balance,FuelCell Echo,Running,Women,US 7,Pink,Mesh,$100.00 
Asics,GT-2000 9,Running,Men,US 10.5,Black,Mesh,$120.00 
Fila,Original Fitness,Casual,Women,US 7,White,Leather,$60.00 
Skechers,Elite Flex,Walking,Men,US 10,Navy,Mesh,$65.00 
Nike,Blazer Low,Lifestyle,Women,US 7.5,White,Leather,$85.00 
Nike,Air Force 1,Basketball,Men,US 10,White,Leather,$90.00 
Adidas,NMD_R1,Lifestyle,Men,US 8.5,Black,Primeknit,$140.00 
Reebok,Nano X1,Training,Women,US 7.5,Grey,Flexweave,$130.00 
Converse,Jack Purcell,Casual,Men,US 9,White,Canvas,$65.00 
Puma,Clyde All-Pro,Basketball,Men,US 11,Red/White,Leather,$120.00 
Vans,SK8-Hi,Skate,Women,US 6,Black,Suede/Canvas,$70.00 
New Balance,574,Casual,Men,US 10,Navy,Suede/Mesh,$80.00 
Asics,Gel-Lyte III NS,Casual,Women,US 8,Pink,Mesh,$100.00 
Fila,Mindblower,Fashion,Men,US 9.5,White,Leather/Synthetic,$75.00 
Skechers,Max Cushioning,Running,Women,US 7,Black,Mesh,$75.00 
Nike,React Infinity Run Flyknit 2,Running,Men,US 9.5,Blue,Flyknit,$160.00 
Adidas,Harden Stepback,Basketball,Men,US 12,Grey,Synthetic,$80.00 
Reebok,Classic Nylon,Casual,Women,US 7.5,Black,Nylon,$65.00 
Converse,Chuck 70,Casual,Men,US 8,Yellow,Canvas,$85.00 
Puma,Calibrate Runner,Running,Men,US 10.5,Black/Yellow,Mesh,$80.00 
Vans,Era,Skate,Women,US 7,Green,Canvas,$55.00 
New Balance,FuelCell Propel V3,Running,Women,US 6.5,Purple,Mesh,$100.00 
Asics,Gel-Kayano 28 Lite-Show,Running,Men,US 11,Black,Mesh,$170.00 
Fila,Trailblazer,Fashion,Women,US 8,White/Pink,Leather,$65.00 
Skechers,Summits - Quick Getaway,Walking,Men,US 9,Grey,Mesh,$60.00 
Nike,Air Zoom Tempo NEXT% FlyEase,Running,Women,US 8.5,White,Mesh,$200.00 
Nike,React Infinity Run 2,Running,Women,US 7.5,Grey,Mesh,$160.00 
Adidas,Superstar,Casual,Men,US 8.5,Black/White,Leather,$80.00 
Reebok,Zig Kinetica Horizon,Running,Women,US 6.5,Blue,Mesh,$120.00 
Converse,Chuck 70,Casual,Men,US 9,White,Canvas,$85.00 
Puma,Cali Sport,Lifestyle,Women,US 9.5,White,Leather,$90.00 
Vans,Sk8-Hi,Skate,Men,US 10,Black/White,Suede/Canvas,$70.00 
New Balance,990v5,Running,Men,US 9.5,Grey,Suede/Mesh,$175.00 
Asics,Gel-Venture 8,Trail,Women,US 8.5,Blue,Mesh,$70.00 
Fila,Mindblower,Fashion,Men,US 11,White,Synthetic,$75.00 
Skechers,Go Run Mojo,Running,Women,US 7,Black,Mesh,$60.00 
Nike,Air Zoom Pegasus 38,Running,Men,US 11,Black,Mesh,$120.00 
Adidas,Ultraboost 5.0 DNA,Running,Women,US 8.5,Grey,Primeknit,$180.00 
Reebok,Classic Leather Legacy,Casual,Men,US 9.5,White,Leather,$80.00 
Converse,Jack Purcell,Casual,Women,US 6,Navy,Canvas,$65.00 
Puma,RS-Fast Tech,Lifestyle,Men,US 9.5,Black/Red,Synthetic,$110.00 
Vans,Era,Skate,Women,US 7.5,Black/White,Canvas,$50.00 
New Balance,Fresh Foam Roav,Running,Men,US 10,Red,Mesh,$80.00 
Asics,GT-2000 10,Running,Women,US 9,Black,Mesh,$120.00 
Fila,Original Fitness,Fashion,Men,US 10,White,Leather,$60.00 
Skechers,Max Cushioning Elite,Walking,Women,US 8,Navy,Mesh,$80.00 
Nike,Air Force 1 '07,Basketball,Men,US 11,White,Leather,$90.00 
Adidas,NMD_R1,Running,Women,US 8,Pink,Primeknit,$140.00 
Reebok,Nano 9,Training,Men,US 9.5,Black/White,Mesh,$130.00 
Converse,Jack Purcell,Casual,Women,US 7.5,White,Canvas,$65.00 
Puma,Calibrate Runner,Running,Men,US 10,Black/Grey,Mesh/Synthetic,$90.00 
Vans,Sk8-Hi,Skate,Women,US 9,Black/White,Canvas,$65.00 
New Balance,FuelCell Rebel v2,Running,Men,US 9.5,Blue/White,Mesh,$130.00 
Asics,Gel-Kinsei OG,Running,Women,US 7.5,White/Grey,Mesh/Leather,$180.00 
Fila,Spaghetti,Fashion,Men,US 8,White/Navy,Leather/Synthetic,$65.00 
Skechers,Go Walk 5,Walking,Women,US 6.5,Black,Mesh,$60.00 
Nike,ZoomX Invincible Run,Running,Men,US 11,Black,Mesh/Synthetic,$180.00 
Adidas,Ultraboost DNA,Running,Women,US 8,Grey,Primeknit,$180.00 
Reebok,Classic Nylon,Casual,Men,US 10.5,Black,Nylon,$60.00 
Converse,Run Star Hike,Casual,Women,US 8,Cream,Canvas,$110.00 
Puma,Suede Classic+,Casual,Men,US 8,Red/White,Suede,$65.00 
Vans,Era,Skate,Women,US 7.5,Green,Canvas,$50.00 
New Balance,Fresh Foam More v3,Running,Men,US 11,Black/Grey,Mesh/Synthetic,$165.00 
Asics,Gel-Quantum 90 3,Running,Women,US 9,Pink,Mesh/Synthetic,$90.00 
Fila,Original Fitness,Casual,Men,US 9.5,White/Navy/Red,Leather,$60.00 
Skechers,Go Run Mojo Pep,Running,Women,US 8.5,Black/White,Mesh,$55 
Nike,Air Force 1,Casual,Men,US 11,White,Leather,$90.00 
Adidas,NMD_R1,Running,Women,US 8.5,Pink,Primeknit,$130.00 
Reebok,Zig Kinetica II,Running,Men,US 9,Blue,Mesh,$120.00 
Converse,Chuck 70,Casual,Women,US 7,Black,Canvas,$85.00 
Puma,Clyde All-Pro,Basketball,Men,US 10,White,Leather,$130.00 
Vans,Sk8-Hi,Skate,Women,US 9,Black/White,Suede/Canvas,$65.00 
New Balance,574 Classic,Casual,Men,US 10.5,Grey,Suede/Mesh,$80.00 
Asics,Gel-Quantum 90 3,Running,Women,US 7.5,Black,Mesh,$70.00 
Fila,Mindblower,Fashion,Men,US 11,Grey,Leather/Synthetic,$75.00 
Skechers,Max Cushioning Premier,Running,Women,US 7.5,Pink,Mesh,$90.00 
Nike,Blazer Mid '77,Casual,Men,US 9.5,White,Leather,$100.00 
Adidas,Superstar,Casual,Women,US 7.5,Black/White,Leather,$85.00 
Reebok,DMX Thrill,Running,Men,US 10,Black,Mesh,$70.00 
Converse,Jack Purcell,Casual,Women,US 8.5,White,Canvas,$65.00 
Puma,Calibrate Runner,Running,Men,US 9.5,Black/Yellow,Mesh,$140.00 
Vans,Slip-On,Skate,Women,US 6.5,Checkered,Canvas,$50.00 
New Balance,Fresh Foam Beacon V3,Running,Men,US 11,Blue,Mesh,$120.00 
Asics,Gel-Venture 8,Trail,Women,US 9.5,Grey,Mesh,$70.00 
Fila,F-13,Fashion,Men,US 10,White,Leather,$70.00 
Skechers,Equalizer 4.0,Training,Women,US 8.5,Black,Mesh,$65.00 
Nike,KD13,Basketball,Men,US 11,Blue,Mesh,$150.00 
Nike,React Infinity Run Flyknit 2,Running,Women,US 9.5,Black/White,Flyknit,$160.00 
Adidas,NMD_R1,Lifestyle,Men,US 11.5,Grey,Primeknit,$140.00 
Reebok,Aztrek 96,Casual,Women,US 8.5,Yellow/Black,Leather/Synthetic,$90.00 
Converse,Jack Purcell,Casual,Men,US 9,Navy/White,Canvas,$70.00 
Puma,Calibrate Runner,Running,Men,US 10,Black,Mesh,$100.00 
Vans,Sk8-Hi,Skate,Women,US 7.5,Black/White,Suede/Canvas,$65.00 
New Balance,327,Casual,Men,US 10,Green,Suede/Leather,$90.00 
Asics,GT-2000 10,Running,Women,US 8,Blue,Mesh,$120.00 
Fila,Trailblazer,Fashion,Men,US 9,White/Grey,Leather,$85.00 
Skechers,Max Cushioning Premier,Running,Women,US 7,Grey/Pink,Mesh,$105.00 
Nike,Blazer Mid '77,Casual,Men,US 8.5,Green,Leather,$100.00 
Adidas,Ultraboost 6.0,Running,Women,US 7.5,Black/White,Primeknit,$180.00 
Reebok,Classic Nylon,Casual,Men,US 11.5,Blue/White,Nylon,$60.00 
Converse,Pro Leather,Casual,Women,US 9.5,White/Green,Leather,$75.00 
Puma,Clyde All-Pro,Basketball,Men,US 9.5,Black,Leather/Synthetic,$130.00 
Vans,Era 95 DX,Skate,Women,US 6.5,Black/White,Canvas,$65.00 
New Balance,Fresh Foam More v3,Running,Men,US 10,Black/Grey,Mesh,$165.00 
Asics,Gel-Quantum 360 6,Running,Women,US 9,Grey/Green,Mesh,$180.00 
Fila,Spaghetti,Basketball,Men,US 10.5,White,Leather,$75.00 
Skechers,Uno Bold Move,Casual,Women,US 8.5,Black/White,Synthetic,$70.00 
Nike,Air Force 1,Basketball,Men,US 10,White,Leather,$100.00 
Adidas,NMD_R1,Lifestyle,Women,US 8,Grey,Primeknit,$140.00 
Reebok,Nano X1,Training,Men,US 9.5,Black,Knit,$130.00 
Converse,Jack Purcell,Casual,Women,US 6.5,Navy,Canvas,$65.00 
Puma,Calibrate Runner,Running,Men,US 11,Black,Mesh,$80.00 
Vans,Sk8-Hi,Skate,Women,US 7.5,Black/White,Canvas/Suede,$70.00 
New Balance,327,Lifestyle,Men,US 10,Beige,Suede/Mesh,$100.00 
Asics,Gel-Excite 8,Running,Women,US 9,Pink,Mesh,$75.00 
Fila,Memory Fresh 2,Walking,Men,US 10,White,Synthetic,$60.00 
Skechers,Energy Burst,Running,Women,US 8,Black,Mesh,$70.00 
Nike,Flyknit Trainer,Running,Men,US 10,Black/White,Flyknit,$150.00 
Adidas,Ultraboost 4.0,Running,Women,US 7,Blue,Primeknit,$180.00 
Reebok,Floatride Energy,Running,Men,US 10.5,Grey,Mesh,$100.00 
Converse,Chuck 70 High,Casual,Women,US 9,Pink,Canvas,$85.00 
Puma,Clyde All-Pro,Basketball,Men,US 9,White,Leather,$130.00 
Vans,Era,Skate,Women,US 8.5,Black,Canvas,$50.00 
New Balance,Fresh Foam Beacon v3,Running,Men,US 12,Blue,Mesh,$120.00 
Asics,Gel-Kayano 27,Running,Women,US 8.5,Black,Mesh,$160.00 
Fila,Trailblazer,Fashion,Men,US 11,Black,Leather,$75.00 
Skechers,Equalizer 4.0,Walking,Women,US 7,Grey,Mesh,$60.00 
Nike,Blazer Mid '77,Casual,Men,US 9.5,White/Red/Navy,Leather,$100.00 
Adidas,Superstar,Casual,Women,US 7.5,White/Black,Leather,$80.00 
Reebok,Zig Kinetica,Running,Men,US 11.5,White/Black,Mesh,$120.00 
Converse,Jack Purcell,Casual,Men,US 8.5,White/Navy,Canvas,$70.00 
Puma,Suede Classic,Casual,Women,US 8.5,Pink,Suede,$65.00 
Vans,Sk8-Hi,Skate,Men,US 10,Black/White,Canvas,$70.00 
New Balance,Fresh Foam More,Running,Women,US 9,Grey/Purple,Mesh,$165.00 
Asics,Gel-Kayano 27,Running,Men,US 10.5,Black/Green,Mesh,$160.00 
Fila,Trailblazer,Fashion,Women,US 7,Cream,Synthetic,$75.00 
Skechers,D'Lites Fresh Start,Walking,Men,US 9.5,White/Black,Leather,$70.00 
Nike,Air Force 1,Casual,Women,US 8.5,White/Red,Leather,$90.00 
Adidas,NMD_R1,Casual,Men,US 9,Black/White,Primeknit,$130.00 
Reebok,Club C 85 MU,Casual,Men,US 11,White/Black,Leather,$75.00 
Converse,Chuck 70,Casual,Women,US 8.5,Cream,Canvas,$85.00 
Puma,Calibrate Runner,Running,Men,US 8.5,Black/Blue,Mesh,$120.00 
Vans,Era,Skate,Women,US 7,Pink/White,Canvas,$50.00 
New Balance,FuelCell Propel v2,Running,Men,US 9,Blue/Green,Mesh,$100.00 
Asics,Gel-Cumulus 23,Running,Women,US 8.5,Pink/White,Mesh,$120.00 
Fila,Mindblower,Fashion,Men,US 10,White/Black,Synthetic,$75.00 
Nike,Air Force 1,Casual,Men,US 11,White,Leather,$90.00 
Adidas,NMD_R1,Lifestyle,Women,US 8,Pink,Primeknit,$140.00 
Reebok,Nano X1,Training,Men,US 9.5,Grey,Knit,$130.00 
Converse,All Star Hi,Casual,Women,US 7,Black,Canvas,$60.00 
Puma,Calibrate Runner,Running,Men,US 10.5,Blue,Mesh,$90.00 
Vans,Sk8-Hi,Skate,Women,US 6,Red/White,Canvas,$70.00 
New Balance,327,Lifestyle,Men,US 8.5,Green,Suede/Mesh,$100.00 
Asics,Gel-Quantum 180,Running,Women,US 7.5,Grey,Mesh,$120.00 
Fila,Mindblower,Fashion,Men,US 9,White,Leather,$70.00 
Skechers,Max Cushioning,Walking,Women,US 9,Black,Mesh,$75.00 
Nike,React Infinity Run Flyknit,Running,Men,US 12,Black,Flyknit,$160.00 
Adidas,Adilette Comfort,Slides,Women,US 6,Black,Synthetic,$35.00 
Reebok,Classic Nylon,Casual,Men,US 10,Grey,Nylon,$65.00 
Converse,Chuck 70,Casual,Women,US 8,Cream,Canvas,$85.00 
Puma,RS-X3 Puzzle,Lifestyle,Men,US 8.5,Black/Yellow,Synthetic,$110.00 
Vans,Era,Skate,Women,US 7,Pink,Canvas,$55.00 
New Balance,990v4,Running,Men,US 9.5,Grey,Suede/Mesh,$175.00 
Asics,GT-2000 10,Running,Women,US 9,Blue,Mesh,$120.00 
Fila,D-Formation,Fashion,Men,US 11,White,Leather,$65.00 
Skechers,Equalizer 4.0,Training,Women,US 8.5,Black,Knit,$70.00 
Nike,Air Zoom Pegasus 38,Running,Men,US 10.5,Blue,Mesh,$120.00 
Nike,Air Force 1 '07,Basketball,Men,US 11,White,Leather,$90.00 
Adidas,Yeezy Boost 350 V2,Fashion,Men,US 9,Zebra,Primeknit,$220.00 
Reebok,Nano X1 Adventure,Training,Men,US 10,Khaki,Textile/Leather,$130.00 
Converse,Jack Purcell Low,Casual,Women,US 7.5,Pink,Canvas,$65.00 
Puma,Clyde All-Pro,Basketball,Men,US 10.5,Black/White,Leather/Suede,$130.00 
Vans,Sk8-Hi,Skate,Women,US 9,Checkerboard,Canvas,$70.00 
New Balance,Fresh Foam Hierro v6,Trail,Men,US 9.5,Grey/Yellow,Synthetic/Mesh,$135.00 
Asics,Gel-Quantum 180 5,Running,Women,US 8,Pink,Mesh,$120.00 
Fila,D-Formation,Fashion,Men,US 11,Black,Leather,$65.00 
Skechers,Arch Fit Refine,Walking,Women,US 6.5,Navy,Mesh,$65.00 
Nike,Air Zoom Pegasus 38,Running,Men,US 12,Blue,Mesh,$120.00 
Adidas,NMD_R1,Casual,Women,US 8.5,Pink,Primeknit,$130.00 
Reebok,Floatride Energy 3,Running,Men,US 9,Black,Mesh,$100.00 
Converse,Chuck 70 High,Casual,Men,US 12,Green,Canvas,$85.00 
Puma,Calibrate Runner,Running,Women,US 9,White,Mesh,$90.00 
Vans,Era,Skate,Men,US 8.5,Black,Canvas,$50.00 
New Balance,FuelCell Rebel v2,Running,Women,US 7.5,Orange,Mesh,$130.00 
Asics,Gel-Cumulus 23,Running,Men,US 11,Grey,Mesh,$120.00 
Fila,Mindblower,Fashion,Women,US 7,White,Leather/Synthetic,$65.00 
Skechers,GOrun Mojo 2.0,Running,Men,US 8,Black,Mesh,$60.00 
Nike,Air Force 1,Basketball,Men,US 11,White,Leather,$90.00 
Adidas,NMD_R1,Running,Women,US 8.5,Pink,Knit,$140.00 
Reebok,ZigWild Trail 7,Trail,Men,US 9.5,Black,Mesh/Synthetic,$110.00 
Converse,Jack Purcell,Casual,Women,US 7,Blue,Canvas,$65.00 
Puma,Calibrate Runner,Running,Men,US 10,Grey,Mesh,$90.00 
Vans,SK8-Hi,Skate,Women,US 6.5,Black/White,Canvas/Leather,$70.00 
New Balance,FuelCell Rebel v2,Running,Women,US 7,White/Pink,Mesh,$110.00 
Asics,Gel-Kahana 8,Running,Men,US 8,Grey,Mesh,$85.00 
Fila,Mindblower,Fashion,Women,US 7.5,White/Pink,Leather/Synthetic,$65.00 
Skechers,Max Cushioning,Running,Men,US 11,Black,Mesh,$85.00 
Nike,Air Max 2090,Running,Men,US 12,Black,Mesh/Synthetic,$150.00 
Adidas,Superstar,Casual,Women,US 9.5,White/Black,Leather,$85.00 
Reebok,Nano 9,Training,Men,US 10,Blue,Synthetic,$130.00 
Converse,Pro Leather,Casual,Men,US 9.5,White/Green,Leather,$80.00 
Puma,RS-X³,Lifestyle,Women,US 8.5,Pink,Mesh,$110.00 
Vans,Slip-On,Casual,Men,US 10.5,Black/White,Canvas,$50.00 
New Balance,Fresh Foam More v3,Running,Men,US 12,Black/Grey,Mesh,$165.00 
Asics,GT-1000 9,Running,Women,US 6.5,Blue,Mesh,$90.00 
Fila,T1 Mid,Casual,Men,US 11,White,Leather,$65.00 
Skechers,Go Walk 5,Walking,Women,US 8.5,Black,Mesh,$60.00 
Nike,Blazer Mid '77,Casual,Men,US 8.5,Green,Leather,$100.00 
Nike,Air Force 1,Casual,Men,US 9.5,White,Leather,$90.00 
Adidas,NMD_R1,Lifestyle,Women,US 7,Black/Pink,Knit,$140.00 
Reebok,Nano X1,Crossfit,Men,US 10,Black,Mesh,$130.00 
Converse,Chuck 70,Casual,Women,US 8.5,Ivory,Canvas,$85.00 
Puma,Calibrate,Running,Men,US 8.5,Grey,Mesh,$130.00 
Vans,SK8-Hi,Skate,Men,US 9.5,Black/White,Canvas,$70.00 
New Balance,574,Casual,Women,US 7,Pink,Suede,$80.00 
Asics,Gel-Quantum 180 6,Running,Men,US 11,Black,Mesh,$120.00 
Fila,Mindblower,Fashion,Women,US 8,White,Leather/Synthetic,$65.00 
Skechers,Max Cushioning,Running,Women,US 7.5,Black,Mesh,$90.00 
Nike,Free RN Flyknit,Running,Men,US 10,Blue,Knit,$130.00 
Adidas,Adizero Boston 9,Running,Women,US 6.5,Black,Mesh,$120.00 
Reebok,Zig Kinetica II,Running,Men,US 9,Blue,Mesh,$120.00 
Converse,Run Star Hike,Casual,Women,US 8.5,White,Canvas,$110.00 
Puma,Ralph Sampson,Casual,Men,US 11,White/Green,Leather,$80.00 
Vans,Era,Skate,Women,US 7,Black,Canvas,$55.00 
New Balance,990v4,Running,Men,US 10.5,Grey,Suede/Mesh,$175.00 
Asics,Gel-Kayano 27,Running,Women,US 9,Black,Mesh,$160.00 
Fila,D-Formation,Fashion,Men,US 9,White,Leather,$70.00 
Skechers,D'Lites,Walking,Women,US 8,White,Leather,$65.00 
Nike,Air Max 2090,Running,Men,US 9,Grey,Synthetic,$150.00 
Nike,Air Force 1 Low,Casual,Men,US 9.5,White,Leather,$90.00 
Adidas,NMD_R1,Lifestyle,Women,US 7.5,Pink/White,Primeknit,$130.00 
Reebok,Zig Kinetica II,Running,Men,US 11,Black,Mesh,$120.00 
Converse,Chuck 70 High,Casual,Men,US 8.5,Cream,Canvas,$85.00 
Puma,Calibrate Runner,Running,Women,US 8,Black,Mesh,$90.00 
Vans,Sk8-Hi,Skate,Men,US 10,Black/White,Suede/Canvas,$70.00 
New Balance,327,Lifestyle,Women,US 6.5,White/Green,Suede/Mesh,$90.00 
Asics,Gel-Quantum 90,Running,Men,US 10,Blue,Mesh,$90.00 
Fila,Original Fitness,Fashion,Women,US 7.5,White/Navy,Leather/Synthetic,$65.00 
Skechers,Go Walk 5,Walking,Men,US 9,Grey,Mesh,$65.00 
Nike,React Infinity Run Flyknit,Running,Women,US 8,Black,Flyknit,$160.00 
Adidas,Superstar,Casual,Men,US 8.5,White/Black,Leather,$85.00 
Reebok,Nano 9,Crossfit,Women,US 7,Grey,Mesh,$130.00 
Converse,Run Star Hike,Casual,Women,US 9,White,Canvas,$100.00 
Puma,RS-2K,Lifestyle,Men,US 10,White,Leather/Synthetic,$120.00 
Vans,Era,Skate,Women,US 6.5,Black/White,Canvas,$50.00 
New Balance,FuelCell Propel v3,Running,Men,US 9.5,Blue/Orange,Mesh,$100.00 
Asics,Gel-Kinsei OG,Running,Women,US 8.5,White/Black,Mesh,$180.00 
Fila,Trigate,Fashion,Men,US 9.5,White/Navy/Red,Synthetic,$60.00 
Skechers,Summits,Walking,Women,US 7.5,Black/Pink,Mesh,$60.00 
Nike,Air Force 1 Low,Casual,Men,US 9,White,Leather,$90.00 
Adidas,NMD_R1,Lifestyle,Women,US 7,Pink,Primeknit,$140.00 
Reebok,Zig Kinetica,Running,Men,US 11,Black,Mesh,$120.00 
Converse,Chuck 70,Casual,Men,US 8,Grey,Canvas,$85.00 
Puma,Clyde All-Pro,Basketball,Men,US 10.5,White,Leather,$130.00 
Vans,SK8-Hi,Skate,Women,US 7,Black/White,Suede/Canvas,$70.00 
New Balance,990v2,Running,Men,US 10,Grey,Suede/Mesh,$175.00 
Asics,Gel-Quantum 360 6,Running,Women,US 8,Black,Mesh,$150.00 
Fila,Original Fitness,Casual,Men,US 9,White/Navy,Leather,$60.00 
Skechers,Max Cushioning Premier,Running,Men,US 8.5,Grey,Mesh,$90.00 
Nike,Blazer Mid,Casual,Women,US 7.5,Red,Leather,$100.00 
Adidas,Superstar,Casual,Men,US 10,White/Black,Leather,$80.00 
Reebok,Classic Nylon,Casual,Women,US 8,Black/White,Nylon/Suede,$65.00 
Converse,All Star Pro BB,Basketball,Men,US 11,Black,Canvas,$120.00 
Puma,Calibrate Runner,Running,Women,US 6.5,Blue,Mesh,$120.00 
Vans,Era,Skate,Men,US 9.5,Red,Canvas,$50.00 
New Balance,Fresh Foam More v3,Running,Women,US 7.5,Grey,Mesh,$165.00 
Asics,GT-2000 10,Running,Men,US 9.5,Black,Mesh,$120.00 
Fila,D-Formation,Casual,Women,US 8.5,White,Leather,$70.00 
Skechers,Equalizer 4.0,Walking,Men,US 12,Navy,Mesh,$65.00 
Nike,React Infinity Run Flyknit 2,Running,Women,US 9,Purple,Flyknit,$160.00 
Nike,Air Force 1,Basketball,Men,US 11,White,Leather,$90.00 
Adidas,Yeezy Boost 350 V2,Fashion,Women,US 8.5,Cream,Primeknit,$220.00 
Reebok,Zig Kinetica,Running,Men,US 12,Black,Mesh,$120.00 
Converse,Chuck 70,Casual,Women,US 7,Egret,Canvas,$85.00 
Puma,Calibrate Runner,Running,Men,US 8.5,Black,Mesh,$80.00 
Vans,Sk8-Hi,Skate,Women,US 9,Black/White,Canvas,$70.00 
New Balance,FuelCell Rebel v2,Running,Men,US 10.5,Blue,Mesh,$130.00 
Asics,Gel-Quantum 90,Running,Women,US 7,Black,Mesh,$80.00 
Fila,Tracer,Fashion,Men,US 9.5,White/Navy,Leather/Synthetic,$65.00 
Skechers,D'Lites,Walking,Women,US 6.5,Black/White,Synthetic,$65.00 
Nike,React Infinity Run Flyknit 2,Running,Men,US 9,Black,Flyknit,$160.00 
Adidas,NMD_R1 V2,Casual,Women,US 6.5,Pink,Primeknit,$130.00 
Reebok,Club C Legacy,Casual,Men,US 11,Green,Leather,$80.00 
Converse,Jack Purcell,Casual,Women,US 7.5,White,Canvas,$65.00 
Puma,Clyde All-Pro,Basketball,Men,US 10,Black,Leather,$130.00 
Vans,Slip-On,Casual,Women,US 8.5,Black,Canvas,$50.00 
New Balance,Fresh Foam Hierro v6,Trail Running,Men,US 10,Grey/Orange,Synthetic/Mesh,$135.00 
Asics,GT-2000 10,Running,Women,US 9,Black/Pink,Mesh,$120.00 
Fila,Ray,Fashion,Men,US 11,White,Synthetic,$65.00 
Skechers,Ultra Flex 2.0,Walking,Women,US 7.5,Navy/White,Mesh,$60.00 
Nike,React Infinity Run,Running,Women,US 9.5,Grey/Pink,Mesh,$160.00 
Adidas,Ultraboost 5.0 DNA,Running,Men,US 9,White,Primeknit,$180.00 
Reebok,Nano X1,Training,Women,US 8.5,Black,Flexweave/Knit,$130.00 
Converse,Jack Purcell,Casual,Men,US 11,White,Canvas,$75.00 
Puma,Calibrate Runner,Running,Men,US 10,Grey/Black,Mesh,$90.00 
Vans,Sk8-Hi,Skate,Women,US 7,Black/White,Canvas/Suede,$65.00 
New Balance,327,Lifestyle,Men,US 8.5,Blue/Orange,Suede/Nylon,$90.00 
Asics,Gel-Cumulus 23,Running,Women,US 7.5,Pink,Mesh,$120.00 
Fila,Trailblazer,Fashion,Men,US 9,Green/Orange,Leather/Synthetic,$80.00 
Skechers,Go Walk Joy,Walking,Women,US 6.5,Black,Mesh,$54.99 
Nike,Blazer Mid '77,Casual,Men,US 10,White/Black,Leather,$100.00 
Adidas,NMD_R1,Lifestyle,Women,US 6,Pink/White,Primeknit,$130.00 
Reebok,Legacy Lifter,Weightlifting,Men,US 9.5,Black/Gold,Leather,$200.00 
Converse,Run Star Hike,Casual,Women,US 7.5,Pink,Canvas,$110.00 
Puma,Wild Rider,Lifestyle,Men,US 11,Black/White,Suede/Leather,$90.00 
Vans,Slip-On,Casual,Women,US 8,Black/White Checkerboard,Canvas,$50.00 
New Balance,Fresh Foam 1080v10,Running,Men,US 12,Black/Green,Mesh,$150.00 
Asics,Gel-Quantum 360 6,Running,Women,US 9,Black/White,Mesh,$150.00 
Fila,Spaghetti,Fashion,Men,US 9.5,White/Navy,Leather/Synthetic,$75.00 
Nike,Air Max 90,Running,Men,US 8.5,White,Leather,$120.00 
Adidas,NMD_R1,Lifestyle,Women,US 7,Black/Pink,Primeknit,$130.00 
Reebok,Nano X,Crossfit,Men,US 9,Grey,Mesh,$130.00 
Converse,All Star Pro BB,Basketball,Women,US 9.5,Purple,Canvas,$110.00 
Puma,Suede Classic,Casual,Men,US 11,Black,Suede,$65.00 
Vans,Sk8-Hi,Skate,Women,US 7.5,Yellow,Suede,$65.00 
New Balance,574,Casual,Men,US 10,Grey,Suede/Mesh,$80.00 
Asics,Gel-Quantum 360 6,Running,Women,US 8.5,Black,Mesh,$150.00 
Fila,Original Fitness,Fashion,Men,US 10.5,White,Leather,$65.00 
Skechers,Go Run 600,Running,Women,US 6,Pink,Mesh,$60.00 
Nike,Air Force 1,Casual,Men,US 9.5,Grey,Leather,$90.00 
Adidas,Yeezy Boost 350,Lifestyle,Women,US 6.5,Cream,Primeknit,$220.00 
Reebok,Legacy Lifter,Weightlifting,Men,US 10.5,Black,Leather,$200.00 
Converse,Pro Leather,Casual,Women,US 8.5,White/Green,Leather,$85.00 
Puma,RS-X³ Puzzle,Lifestyle,Men,US 8.5,Red,Synthetic,$110.00 
Vans,Slip-On,Skate,Women,US 8,Black/White,Canvas,$50.00 
New Balance,FuelCell Propel v3,Running,Men,US 9,Red,Mesh,$100.00 
Asics,Gel-Kayano 28,Running,Women,US 7.5,White/Pink,Mesh,$160.00 
Fila,Disruptor Low,Fashion,Men,US 9.5,White/Navy,Synthetic,$60.00 
Skechers,Elite Flex,Walking,Women,US 7.5,Black,Mesh,$70.00 
Nike,Air Force 1 '07,Basketball,Men,US 9.5,White,Leather,$100.00 
Adidas,NMD_R1,Running,Women,US 7,Grey,Primeknit,$140.00 
Reebok,Aztrek Double Mix,Casual,Women,US 8,Pink/White,Suede/Mesh,$100.00 
Converse,All Star Leather,Casual,Men,US 8.5,Black,Leather,$65.00 
Puma,Calibrate Runner,Running,Men,US 10,Blue,Mesh,$90.00 
Vans,SK8-Hi,Skate,Women,US 6.5,Black/White,Suede/Canvas,$70.00 
New Balance,Fresh Foam 880v11,Running,Men,US 11.5,Red,Mesh,$130.00 
Asics,Gel-Cumulus 23,Running,Women,US 9.5,Purple,Mesh,$120.00 
Fila,Mindblower,Fashion,Men,US 9.5,White/Blue,Leather/Synthetic,$75.00 
Skechers,Summits - Quick Lapse,Walking,Women,US 8,Black/Pink,Mesh,$60.00 
Nike,Air Max 97,Running,Men,US 11.5,Black,Leather/Synthetic,$170.00 
Adidas,ZX 2K Boost,Casual,Women,US 7.5,White/Pink,Mesh/Synthetic,$150.00 
Reebok,Club C Revenge,Casual,Men,US 10,White/Green,Leather,$80.00 
Converse,Chuck 70 High,Casual,Women,US 6,Red,Canvas,$85.00 
Puma,Cali Sport,Lifestyle,Men,US 8.5,Black/White,Leather,$80.00 
Vans,Slip-On,Skate,Women,US 7,Black/White,Canvas,$50.00 
New Balance,Fresh Foam More v2,Running,Men,US 9,Grey,Mesh,$165.00 
Asics,GT-2000 10,Running,Women,US 8,Blue,Mesh,$120.00 
Fila,Original Fitness,Fashion,Men,US 11,White,Leather,$60.00 
Nike,Air Force 1,Basketball,Men,US 11,White,Leather,$90.00 
Adidas,NMD_R1,Running,Women,US 8,Pink,Primeknit,$140.00 
Reebok,Zig Kinetica,Running,Men,US 10.5,Black,Mesh,$120.00 
Converse,Jack Purcell,Casual,Women,US 7.5,White,Canvas,$65.00 
Puma,Clyde All-Pro,Basketball,Men,US 10.5,Black,Leather,$130.00 
Vans,Sk8-Hi,Skate,Women,US 9,Black/White,Canvas/Suede,$70.00 
New Balance,Fresh Foam More v3,Running,Men,US 9.5,Blue,Mesh,$165.00 
Asics,Gel-Kayano Lite,Running,Women,US 7.5,Black,Mesh,$120.00 
Fila,Mindblower,Fashion,Men,US 9,Grey,Synthetic,$70.00 
Skechers,D'Lites,Lifestyle,Women,US 8.5,White,Leather/Synthetic,$65.00 
Nike,Air Max 95,Running,Men,US 11,Grey,Synthetic,$170.00 
Adidas,Superstar,Casual,Women,US 7,White/Black,Leather,$80.00 
Reebok,DMX Series 2K,Casual,Men,US 9.5,White/Blue,Synthetic,$90.00 
Converse,All Star Lift,Casual,Women,US 6.5,Black,Canvas,$65.00 
Puma,Ralph Sampson,Basketball,Men,US 11,White,Leather,$80.00 
Vans,Era,Skate,Women,US 8.5,Red,Canvas,$55.00 
New Balance,FuelCell Rebel v2,Running,Men,US 10,Black,Mesh,$130.00 
Asics,Gel-Quantum 90,Running,Women,US 8,Black/Pink,Mesh,$80.00 
Fila,Original Fitness,Casual,Men,US 8.5,White/Red,Leather,$65.00 
Skechers,Elite Flex Wasick,Training,Women,US 7.5,Grey,Knit,$65.00 
Nike,React Infinity Run Flyknit,Running,Men,US 10,Blue,Flyknit,$160.00 
Nike,Air Force 1 '07,Casual,Men,US 9,White/Black,Leather,$90.00 
Adidas,Yeezy Boost 350 V2,Fashion,Women,US 8.5,Cream White,Primeknit/Synthetic,$220.00 
Reebok,Nano X1 Adventure,Training,Men,US 10.5,Black,Mesh/Synthetic,$130.00 
Converse,Jack Purcell,Casual,Women,US 7,White,Canvas,$65.00 
Puma,Calibrate Runner,Running,Men,US 11,Grey,Mesh/Synthetic,$100.00 
Vans,SK8-Hi,Skate,Women,US 9.5,Purple,Canvas/Suede,$70.00 
New Balance,FuelCell Rebel v2,Running,Men,US 9.5,Black/White,Mesh/Synthetic,$130.00 
Asics,Gel-Quantum 360 6,Running,Women,US 6,Pink,Mesh/Synthetic,$170.00 
Fila,Mindblower,Fashion,Men,US 8.5,Red/White,Synthetic/Leather,$75.00 
Skechers,Max Cushioning Elite,Running,Women,US 7,Navy,Mesh/Synthetic,$110.00 
Nike,Air Max 90,Running,Men,US 8,Black/White,Leather/Mesh,$120.00 
Adidas,NMD_R1,Fashion,Women,US 7,Grey,Knit/Synthetic,$140.00 
Reebok,Nano X1 Grit,Training,Men,US 11,Grey/Black,Mesh/Synthetic,$130.00 
Converse,All Star,Casual,Men,US 9,Navy,Canvas,$55.00 
Puma,Future Rider Play On,Lifestyle,Women,US 9,Yellow,Synthetic/Textile,$80.00 
Vans,Era,Skate,Men,US 9.5,Black/White,Canvas,$50.00 
New Balance,Fresh Foam X Beacon v3,Running,Women,US 7,White/Grey,Mesh,$120.00 
Asics,Gel-Kayano 27,Running,Men,US 12,Black,Mesh/Synthetic,$160.00 
Fila,Trigate,Fashion,Women,US 8,Pink,Synthetic/Leather,$65.00 
Nike,Air Force 1,Casual,Men,US 11,White,Leather,$90.00 
Adidas,Yeezy Boost 350 V2,Fashion,Women,US 7,Cream,Primeknit,$220.00 
Reebok,Nano X1,CrossFit,Men,US 10,Black/White,Mesh,$130.00 
Converse,All Star,Casual,Women,US 8.5,Red,Canvas,$60.00 
Puma,Calibrate Rest,Running,Men,US 8.5,Grey,Mesh,$100.00 
Vans,Sk8-Hi,Skate,Men,US 9,Black/White,Suede/Canvas,$70.00 
New Balance,327,Casual,Women,US 7,Green/White,Suede/Nylon,$90.00 
Asics,Gel-Cumulus 23,Running,Men,US 9,Black,Mesh,$120.00 
Fila,Mindblower,Fashion,Women,US 7.5,Pink,Leather,$75.00 
Skechers,Max Cushioning,Walking,Men,US 11,Grey,Mesh,$90.00 
Nike,React Infinity Run Flyknit 2,Running,Women,US 8,Blue,Flyknit,$160.00 
Adidas,Ultraboost 20,Running,Men,US 9.5,White,Primeknit,$180.00 
Reebok,Aztrek 96,Casual,Women,US 9,Purple,Synthetic,$90.00 
Converse,Jack Purcell,Casual,Men,US 8.5,White,Canvas,$70.00 
Puma,RS-X3,Fashion,Women,US 7.5,Pink,Leather/Synthetic,$110.00 
Vans,Slip-On,Skate,Men,US 9.5,Checkerboard Black/White,Canvas,$50.00 
New Balance,FuelCell Rebel v2,Running,Women,US 8.5,Grey/Green,Mesh,$130.00 
Asics,Gel-Quantum 360 6,Running,Men,US 10,Black,Mesh,$160.00 
Fila,D-Formation,Fashion,Women,US 6,White/Black,Leather/Synthetic,$70.00 
Skechers,Go Walk 5,Walking,Men,US 10,Black,Mesh,$65.00 
Nike,Air Max 2090,Running,Women,US 7.5,Green,Mesh,$150.00 
Nike,React Infinity Run,Running,Men,US 9.5,Blue/Black,Mesh,$160.00 
Adidas,NMD_R1,Lifestyle,Women,US 7.5,Grey,Primeknit,$130.00 
Reebok,Nano 9,Training,Men,US 10,Black,Flexweave,$130.00 
Converse,All Star Pro BB,Basketball,Women,US 8.5,White,Leather,$100.00 
Puma,Clyde Hardwood,Basketball,Men,US 8,Red/Black,Leather,$110.00 
Vans,Sk8-Hi,Skate,Women,US 7.5,Black/White,Suede/Canvas,$70.00 
New Balance,327,Casual,Men,US 9.5,Green,Suede/Mesh,$90.00 
Asics,Gel-Quantum 360 6,Running,Women,US 8,Pink,Mesh/Synthetic,$160.00 
Fila,Mindblower,Fashion,Men,US 10,White/Red,Leather,$75.00 
Skechers,D'Lites,Walking,Women,US 7.5,Black,Leather/Synthetic,$60.00 
Nike,Blazer Mid '77,Casual,Men,US 10,White/Black,Leather,$100.00 
Adidas,Superstar,Casual,Women,US 8.5,White/Black,Leather,$80.00 
Reebok,Classic Nylon,Casual,Men,US 11,Black,Nylon/Suede,$60.00 
Converse,Chuck 70,Casual,Women,US 7.5,Egret,Canvas,$85.00 
Puma,Ralph Sampson Mid,Basketball,Men,US 9.5,White,Leather,$90.00 
Vans,Era,Skate,Men,US 8.5,Red,Canvas,$55.00 
New Balance,FuelCell Rebel v2,Running,Women,US 7,Purple,Mesh,$130.00 
Asics,GT-2000 10,Running,Men,US 9.5,Grey,Mesh,$120.00 
Fila,Trailblazer,Hiking,Women,US 8,Beige,Leather/Synthetic,$85.00 
Skechers,Summits,Training,Men,US 11,Black,Mesh,$60.00 
Nike,Air Force 1,Basketball,Men,US 11,White,Leather,$90.00 
Adidas,Yeezy Boost 350 V2,Lifestyle,Men,US 10,Cream,Primeknit,$220.00 
Reebok,Zig Kinetica,Running,Women,US 9,Pink,Mesh,$120.00 
Converse,Chuck 70,Casual,Men,US 9,Black,Canvas,$85.00 
Puma,Clyde All-Pro,Basketball,Men,US 9.5,Black,Leather,$130.00 
Vans,Sk8-Hi,Skate,Women,US 7,Black/White,Suede/Canvas,$70.00 
New Balance,574,Casual,Men,US 8,Grey,Suede/Mesh,$80.00 
Asics,Gel-Quantum 360,Running,Women,US 7.5,Grey,Mesh,$170.00 
Fila,Mindblower,Fashion,Men,US 11,White/Red,Leather,$75.00 
Skechers,Energy Wave Linxe,Walking,Women,US 8,Grey,Mesh,$60.00 
Nike,React Infinity Run Flyknit 2,Running,Men,US 9.5,Black/White,Flyknit,$160.00 
Adidas,Ultraboost DNA,Running,Women,US 6.5,White,Primeknit,$180.00 
Reebok,Nano X1,Training,Men,US 10,Blue,Mesh,$130.00 
Converse,Jack Purcell,Casual,Women,US 7,White,Canvas,$65.00 
Puma,Calibrate Runner,Running,Men,US 10.5,Grey,Mesh,$120.00 
Vans,Slip-On,Skate,Men,US 8.5,Black/White,Canvas,$50.00 
New Balance,FuelCell Rebel V2,Running,Women,US 7.5,Pink,Mesh,$110.00 
Asics,Gel-Kayano 27,Running,Men,US 11.5,Black,Mesh,$160.00 
Fila,Original Fitness,Casual,Women,US 8.5,White,Leather,$60.00 
Skechers,Go Run Mojo 2.0,Running,Men,US 9,Black,Mesh,$55.00 
Nike,Zoom Fly 3,Running,Women,US 9,Blue,Mesh,$160.00 
Nike,Blazer Mid '77,Basketball,Men,US 11,White/Black,Leather,$100.00 
Adidas,Yeezy Boost 350 V2,Lifestyle,Women,US 6.5,Cloud White,Primeknit,$220.00 
Reebok,Nano X1,CrossFit,Men,US 9.5,Black/White,Knit/Synthetic,$130.00 
Converse,Jack Purcell,Casual,Women,US 8,Pink,Canvas,$65.00 
Puma,Calibrate,Running,Men,US 10,Grey/White,Mesh/Synthetic,$120.00 
Vans,Sk8-Hi,Skate,Women,US 7,Black/White,Suede/Canvas,$70.00 
New Balance,574,Casual,Men,US 12,Navy/Red,Suede/Mesh,$85.00 
Asics,Gel-Quantum 90,Running,Women,US 7.5,Black/Gold,Mesh/Synthetic,$90.00 
Fila,Original Fitness,Casual,Men,US 11,White/Navy/Red,Leather,$70.00 
Skechers,Elite Flex,Walking,Women,US 9,Grey/Pink,Knit,$70.00 
Nike,Air Zoom Pegasus 38,Running,Men,US 10,Blue,Mesh/Synthetic,$120.00 
Adidas,NMD_R1,Lifestyle,Women,US 8.5,Black/Pink,Knit,$140.00 
Reebok,Floatride Energy 3,Running,Men,US 8.5,White/Black,Knit/Synthetic,$100.00 
Converse,All Star Chuck 70,Skate,Women,US 9,Black,Canvas,$85.00 
Puma,Clyde All-Pro,Basketball,Men,US 9,Black/Yellow,Leather/Synthetic,$130.00 
Vans,Era,Skate,Women,US 8,Multi-color,Canvas,$55.00 
New Balance,Fresh Foam 880v11,Running,Men,US 9.5,Grey,Mesh,$130.00 
Asics,Gel-Kayano 28,Running,Women,US 9,Black,Mesh,$160.00 
Fila,Trigate,Running,Men,US 10,Black/White,Mesh/Synthetic,$65.00 
Nike,React Infinity Run,Running,Men,US 9.5,Blue/Green,Mesh,$160.00 
Adidas,NMD_R1,Lifestyle,Women,US 8,White/Black,Primeknit,$140.00 
Reebok,Nano 9,CrossFit,Men,US 10,Black,Synthetic/Textile,$130.00 
Converse,Jack Purcell,Casual,Women,US 7.5,White,Canvas,$65.00 
Puma,Calibrate Runner,Running,Men,US 11,Black/White,Mesh,$120.00 
Vans,Era,Skate,Women,US 7.5,Pink,Canvas,$50.00 
New Balance,327,Casual,Men,US 8,Grey/Green,Suede/Mesh,$100.00 
Asics,Gel-Quantum 180 5,Running,Women,US 9,Pink/Black,Mesh/Synthetic,$120.00 
Fila,D-Formation,Fashion,Men,US 9.5,White/Red,Leather/Synthetic,$70.00 
Skechers,Max Cushioning Elite,Running,Women,US 6.5,Grey/Pink,Mesh,$90.00 
Nike,ZoomX Vaporfly Next%,Running,Men,US 10,Black/White,Mesh,$250.00 
Adidas,Yeezy Boost 350 V2,Fashion,Women,US 7.5,Cream White,Primeknit,$220.00 
Reebok,Aztrek 96,Casual,Men,US 11.5,Black/White,Suede/Textile,$90.00 
Converse,Chuck 70,Casual,Women,US 6.5,Sunflower,Canvas,$85.00 
Puma,Future Rider,Lifestyle,Men,US 10,Blue/Red,Synthetic/Mesh,$80.00 
Vans,Sk8-Hi,Skate,Women,US 8,Yellow,Canvas/Suede,$65.00 
New Balance,Fresh Foam More,Running,Men,US 9.5,Black/White,Mesh,$165.00 
Asics,Gel-Kayano 28,Running,Women,US 7,White/Pink,Mesh,$160.00 
Fila,Venom,Fashion,Men,US 8.5,White/Red/Navy,Leather/Synthetic,$65.00 
Nike,Air Force 1 '07,Basketball,Men,US 11,White,Leather,$90.00 
Adidas,NMD_R1,Lifestyle,Women,US 8,Pink,Primeknit,$130.00 
Reebok,Nano X1 Adventure,Training,Men,US 10.5,Grey,Flexweave,$130.00 
Converse,Jack Purcell Low Top,Casual,Women,US 7,White,Canvas,$65.00 
Puma,Clyde All-Pro,Basketball,Men,US 12,Black/White,Leather/Synthetic,$130.00 
Vans,SK8-Hi,Skate,Women,US 7.5,Pink,Suede/Canvas,$65.00 
New Balance,327,Lifestyle,Men,US 9.5,Green,Suede/Mesh,$90.00 
Asics,Gel-Lyte III,Lifestyle,Women,US 9,Black/Grey,Leather/Suede,$110.00 
Fila,Original Fitness,Fashion,Men,US 9.5,White,Leather,$60.00 
Skechers,Max Cushioning Elite,Running,Women,US 7,Black,Mesh,$100.00 
Nike,Air Zoom Pegasus 38,Running,Men,US 10,Blue,Mesh,$120.00 
Adidas,Harden Vol. 5,Basketball,Women,US 8.5,Grey,Textile,$130.00 
Reebok,DMX Trail Shadow,Running,Men,US 9,Orange,Synthetic/Mesh,$120.00 
Converse,Chuck 70 High Top,Casual,Men,US 11.5,Black,Canvas,$85.00 
Puma,RS-X Hard Drive,Lifestyle,Women,US 6.5,Silver/White,Mesh/Synthetic,$120.00 
Vans,Era,Skate,Men,US 8.5,Red,Canvas,$50.00 
New Balance,Fresh Foam More v3,Running,Women,US 8,Black,Mesh/Synthetic,$165.00 
Asics,Gel-Quantum 360 6,Running,Men,US 10.5,Black/Red,Mesh/Synthetic,$170.00 
Fila,Mindblower,Fashion,Women,US 7,Pink,Synthetic,$75.00 
Skechers,D'Lites Fresh Start,Walking,Men,US 12,White,Synthetic/Leather,$65.00 
Nike,Blazer Mid '77,Skate,Men,US 9,Black/White,Leather,$100.00 
Adidas,Ultraboost DNA,Running,Women,US 8.5,Grey,Primeknit,$180.00 
Reebok,Classic Nylon,Casual,Men,US 12,Navy,Nylon,$65.00 
Converse,Chuck 70,Casual,Women,US 6.5,Pink,Canvas,$85.00 
Puma,Calibrate Runner,Running,Men,US 10,Black,Mesh,$90.00 
Vans,Sk8-Hi,Skate,Women,US 7.5,Red,Canvas/Suede,$70.00 
New Balance,Fresh Foam More,Running,Men,US 9.5,Black,Mesh,$160.00 
Asics,Gel-Quantum 180,Running,Women,US 7.5,Blue,Mesh,$120.00 
Fila,D-Formation,Fashion,Men,US 11,White,Leather,$70.00 
Skechers,Solar Fuse,Walking,Women,US 8,Grey,Mesh,$70.00 
Nike,Air Max 2090,Running,Men,US 10.5,Green,Mesh,$150.00 
Adidas,Adilette Shower,Slides,Women,US 6,Pink,Synthetic,$25.00 
Reebok,Nano X1,Training,Men,US 11,Red,Mesh,$130.00 
Converse,Jack Purcell,Casual,Women,US 7.5,White,Canvas,$75.00 
Puma,Suede Classic+,Casual,Men,US 8,Black,Suede,$65.00 
Vans,Slip-On,Skate,Women,US 9,Checkerboard Black/White,Canvas,$50.00 
New Balance,FuelCell Rebel v2,Running,Men,US 8.5,Green,Mesh,$130.00 
Asics,Gel-Sonoma 6,Trail,Women,US 6.5,Grey,Mesh,$75.00 
Fila,Ray Tracer Evo,Fashion,Men,US 12,Black,Synthetic,$65.00 
Skechers,Max Cushioning,Running,Women,US 8,Navy,Mesh,$85.00 
Nike,React Infinity Run Flyknit,Running,Men,US 11,Blue,Flyknit,$160.00 
Nike,Air Force 1 Low,Casual,Men,US 12,White,Leather,$90.00 
Adidas,Yeezy Boost 350,Fashion,Women,US 8,Cream White,Primeknit,$220.00 
Reebok,Nano 9,Training,Men,US 11,Black/Gum,Flexweave/Cushioning,$130.00 
Converse,Jack Purcell,Casual,Women,US 7.5,Egret/Black,Canvas,$65.00 
Puma,Calibrate Runner,Running,Men,US 10.5,Grey,Mesh,$100.00 
Vans,Sk8-Hi,Skate,Women,US 9.5,Black/White,Canvas/Suede,$70.00 
New Balance,997H,Casual,Men,US 9.5,Black/Grey,Suede/Mesh,$89.99 
Asics,Gel-Cumulus 22,Running,Women,US 8,Pink,Mesh,$120.00 
Fila,Mindblower,Fashion,Men,US 8.5,White/Navy/Red,Synthetic/Leather,$75.00 
Skechers,Go Walk 5,Walking,Women,US 7,Black,Mesh,$60.00 
Nike,Blazer Low,Casual,Men,US 10,Black,Leather,$85.00 
Adidas,Ultraboost 6.0,Running,Women,US 7,Grey,Primeknit,$180.00 
Reebok,Aztrek 96,Casual,Men,US 12,White/Black,Synthetic,$90.00 
Converse,Pro Leather,Basketball,Women,US 8.5,White,Leather,$75.00 
Puma,Suede Classic,Casual,Men,US 9.5,Black/White,Suede,$65.00 
Vans,Era,Skate,Women,US 8,True White,Canvas,$50.00 
New Balance,1500v6,Racing,Men,US 8,Orange,Mesh,$110.00 
Asics,Gel-Kayano 27,Running,Women,US 7,Grey,Mesh,$160.00 
Fila,Original Fitness,Casual,Men,US 10.5,Black,Leather,$60.00 
Skechers,Go Run Mojo,Running,Women,US 9.5,Grey/Pink,Mesh,$60.00 
Nike,Air Force 1,Casual,Men,US 10.5,White,Leather,$90.00 
Adidas,NMD_R1,Lifestyle,Women,US 8.5,Grey/Pink,Primeknit,$140.00 
Reebok,Nano X1 Adventure,Training,Men,US 11,Black,Knit,$130.00 
Converse,Chuck 70,Casual,Women,US 7,Pink,Canvas,$85.00 
Puma,Cali Sport,Fashion,Women,US 6.5,White/Black,Leather,$80.00 
Vans,Sk8-Hi,Skate,Men,US 9.5,Blue/White,Suede/Canvas,$70.00 
New Balance,Fresh Foam More v3,Running,Women,US 7.5,Pink/White,Mesh,$165.00 
Asics,Gel-Cumulus 23,Running,Men,US 9.5,Black,Mesh,$120.00 
Fila,Trail Blazer,Hiking,Women,US 9.5,Green,Suede/Leather,$70.00 
Skechers,Go Run Mojo Pep,Running,Men,US 8.5,Black,Mesh,$70.00 
Nike,Air Zoom Pegasus 38,Running,Women,US 6.5,Blue/Pink,Mesh,$120.00 
Adidas,Superstar,Casual,Men,US 11,White/Black,Leather,$80.00 
Reebok,Classic Nylon,Casual,Women,US 8.5,Purple,Nylon,$65.00 
Converse,Jack Purcell,Casual,Men,US 9,White,Canvas,$70.00 
Puma,Suede Classic+,Casual,Women,US 7,Black,Suede,$65.00 
Vans,Era,Skate,Men,US 10.5,Black/White,Canvas,$55.00 
New Balance,574,Casual,Women,US 9,Grey/White,Suede/Mesh,$80.00 
Asics,Gel-Contend 7,Running,Men,US 10,Blue,Mesh,$70.00 
Fila,Trigate,Running,Women,US 7,Black/Pink,Synthetic/Mesh,$70.00 
Skechers,Flex Appeal 4.0,Training,Men,US 8.5,Grey/Orange,Knit,$70.00 
Nike,Air Force 1 Low,Casual,Men,US 9.5,White,Leather,$90.00 
Adidas,Yeezy Boost 350 V2,Lifestyle,Men,US 11,Cream White,Primeknit,$220.00 
Reebok,Aztrek,Retro,Women,US 7.5,Black/Gold/Red,Suede/Mesh,$90.00 
Converse,Jack Purcell,Casual,Men,US 8,Navy,Canvas,$65.00 
Puma,Calibrate Runner,Running,Women,US 8,Grey/White,Mesh,$80.00 
Vans,Era,Skate,Men,US 10,Black/White,Canvas,$55.00 
New Balance,327,Retro,Men,US 12,Grey/Orange,Suede/Mesh,$100.00 
Asics,Gel-Kayano 27,Running,Women,US 9.5,Blue/Pink,Mesh,$160.00 
Fila,D-Formation,Fashion,Men,US 9,Black,Leather/Synthetic,$65.00 
Skechers,Go Run Ride 8,Running,Women,US 7.5,Black/Pink,Mesh,$90.00 
Nike,React Infinity Run,Running,Men,US 11,Black,Mesh/Synthetic,$160.00 
Adidas,NMD_R1,Lifestyle,Women,US 8,Black/Grey,Primeknit,$130.00 
Reebok,Club MEMT,Casual,Men,US 9.5,White/Grey,Leather,$65.00 
Converse,Chuck 70,Skate,Women,US 6.5,White,Canvas,$85.00 
Puma,Clyde,Retro,Men,US 8,Red,Suede,$80.00 
Vans,Sk8-Hi,Skate,Women,US 7.5,Pink/White,Canvas,$65.00 
New Balance,1080v10,Running,Men,US 10.5,Grey,Mesh,$150.00 
Asics,Gel-Quantum 180,Running,Women,US 7.5,Black/White,Mesh,$140.00 
Fila,Original Fitness,Casual,Men,US 10,White/Navy/Red,Leather,$60.00 
Skechers,Summits,Walking,Women,US 9,Black/Grey,Mesh,$60.00 
Nike,Air Force 1,Basketball,Men,US 11,White,Leather,$90.00 
Adidas,Yeezy Boost 350 V2,Lifestyle,Men,US 9,Natural,Primeknit,$220.00 
Reebok,Legacy Lifter,Weightlifting,Men,US 10.5,Black,Synthetic,$150.00 
Converse,Jack Purcell,Casual,Women,US 7.5,White,Canvas,$75.00 
Puma,Calibrate Runner,Running,Men,US 10,Grey,Mesh,$100.00 
Vans,Slip-On,Skate,Women,US 8.5,Checkered,Canvas,$50.00 
New Balance,327,Casual,Men,US 9,Navy/Red,Suede/Nylon,$100.00 
Asics,Gel-Quantum 360 6,Running,Women,US 8.5,Pink,Mesh,$150.00 
Fila,Mindblower,Fashion,Men,US 11,White/Navy,Synthetic,$75.00 
Skechers,Go Run Mojo,Running,Women,US 7.5,Black/Pink,Mesh,$65.00 
Nike,Zoom Fly 3,Running,Men,US 10,Black,Mesh,$160.00 
Adidas,Ultra Boost DNA,Running,Women,US 8.5,Grey,Primeknit,$180.00 
Reebok,Nano 9,Crossfit,Men,US 9.5,Grey/Black,Mesh,$130.00 
Converse,Pro Leather,Skate,Women,US 6,White,Leather,$75.00 
Puma,Clyde All-Pro,Basketball,Men,US 11.5,White/Black,Leather,$130.00 
Vans,Sk8-Hi,Skate,Men,US 8.5,Black/White,Suede/Canvas,$70.00 
New Balance,574,Casual,Women,US 7.5,Burgundy,Suede/Leather,$80.00 
Asics,Gel-Cumulus 23,Running,Men,US 11.5,Black/Red,Mesh,$120.00 
Fila,Original Fitness,Casual,Women,US 8.5,White/Navy,Leather,$65.00 
Skechers,Go Walk 5,Walking,Men,US 9,Charcoal,Mesh,$65.00 
Nike,Air Force 1,Casual,Men,US 8.5,White,Leather,$90.00 
Adidas,Yeezy Boost 350,Lifestyle,Men,US 10,Grey,Primeknit,$220.00 
Reebok,Nano 9,Crossfit,Women,US 7,Black,Mesh,$130.00 
Converse,All Star,Casual,Men,US 9,Red,Canvas,$55.00 
Puma,Clyde Court,Basketball,Men,US 11,Black,Mesh,$120.00 
Vans,Sk8-Hi,Skate,Women,US 7.5,Red,Suede,$65.00 
New Balance,327,Lifestyle,Men,US 9,Green,Suede/Mesh,$90.00 
Asics,Gel-Kinsei OG,Running,Women,US 8.5,White,Mesh,$180.00 
Fila,Mindblower,Fashion,Men,US 10,Blue,Synthetic,$75.00 
Skechers,Go Walk 5,Walking,Women,US 8,Grey,Mesh,$60.00 
Nike,Zoom Pegasus 38,Running,Men,US 10,Black,Mesh,$120.00 
Adidas,NMD_R1,Lifestyle,Women,US 7.5,Black/Pink,Primeknit,$140.00 
Reebok,Aztrek 96,Casual,Men,US 11,Grey,Synthetic,$90.00 
Converse,Pro Leather,Basketball,Women,US 8.5,White,Leather,$85.00 
Puma,RS-X,Lifestyle,Men,US 9,Black,Leather,$110.00 
Vans,Era,Skate,Women,US 6.5,Black,Canvas,$50.00 
New Balance,FuelCell Rebel v2,Running,Women,US 9.5,Blue,Mesh,$130.00 
Asics,Gel-Quantum 360 6,Running,Men,US 9,Black/Grey,Mesh,$180.00 
Fila,V94M Low,Fashion,Women,US 7,White/Pink,Leather,$75.00 
Skechers,Stamina,Training,Men,US 9,Black,Leather,$65.00 
Nike,SB Dunk Low,Skate,Men,US 9.5,Orange,Leather,$100.00 
Nike,Air Force 1,Casual,Men,US 11,White/Black,Leather,$90.00 
Adidas,Yeezy Boost 350 V2,Fashion,Women,US 8.5,Cinder,Primeknit,$220.00 
Reebok,Zig Kinetica II,Running,Men,US 9.5,Black/White,Mesh/Synthetic,$120.00 
Converse,Jack Purcell,Casual,Women,US 7.5,Black/White,Canvas,$65.00 
Puma,Calibrate Runner,Running,Men,US 10,Grey,Mesh,$100.00 
Vans,Sk8-Hi,Skate,Women,US 6.5,Blue/White,Suede/Canvas,$70.00 
New Balance,574 Classic,Casual,Men,US 9.5,Black/Yellow,Suede/Mesh,$80.00 
Asics,Gel-Kayano Lite,Running,Women,US 8.5,Purple,Mesh/Synthetic,$120.00 
Fila,Trailblazer,Fashion,Men,US 10.5,Black/Gold,Leather/Suede,$75.00 
Skechers,Uno Bold,Lifestyle,Women,US 7.5,Pink/White,Synthetic,$70.00 
Nike,Air Max 2090,Running,Men,US 11.5,Black/White,Mesh/Synthetic,$150.00 
Adidas,Ultra Boost DNA,Running,Women,US 8,Grey/White,Primeknit,$180.00 
Reebok,Classic Leather,Casual,Men,US 12,Navy/White,Leather,$75.00 
Converse,Chuck 70,Casual,Women,US 9,Red,Canvas,$85.00 
Puma,Suede Classic,Casual,Men,US 9.5,Red/White,Suede,$65.00 
Vans,Era,Skate,Women,US 7,Black/White,Canvas,$55.00 
New Balance,FuelCell Rebel v2,Running,Men,US 10.5,Blue/Yellow,Mesh,$100.00 
Asics,Gel-Quantum 360 6,Running,Women,US 7.5,White/Grey,Mesh/Synthetic,$180.00 
Fila,Strada,Fashion,Men,US 11,White/Red/Blue,Synthetic,$70.00 
Nike,Air Force 1,Casual,Men,US 12,White,Leather,$90.00 
Adidas,NMD_R1,Lifestyle,Women,US 7,Pink,Primeknit,$140.00 
Reebok,Nano X1,Training,Men,US 11,Black,Flexweave,$130.00 
Converse,Jack Purcell,Casual,Men,US 9,White,Canvas,$65.00 
Puma,Clyde All-Pro,Basketball,Men,US 10.5,Black,Leather,$130.00 
Vans,Sk8-Hi,Skate,Women,US 8,Black/White,Suede/Canvas,$65.00 
New Balance,327,Lifestyle,Men,US 9.5,Grey,Suede/Mesh,$90.00 
Asics,Gel-Quantum 360 6,Running,Women,US 8.5,Black/Pink,Mesh/Synthetic,$160.00 
Fila,Mindblower,Fashion,Men,US 10,White/Black,Leather/Synthetic,$75.00 
Skechers,Max Cushioning Elite,Running,Women,US 7,Grey/Pink,Mesh,$90.00 
Nike,ZoomX Invincible,Running,Men,US 10.5,Blue,Mesh,$180.00 
Adidas,Harden Vol. 5,Basketball,Women,US 8.5,Purple,Synthetic,$130.00 
Reebok,Classic Nylon,Casual,Men,US 12,Navy,Nylon,$60.00 
Converse,Chuck 70,Casual,Women,US 7,Ivory,Canvas,$85.00 
Puma,Suede Classic+,Casual,Men,US 8.5,Black/White,Suede,$65.00 
Vans,Era,Skate,Men,US 9.5,Red,Canvas,$50.00 
New Balance,FuelCell Prism,Running,Women,US 9.5,Black,Mesh,$90.00 
Asics,Gel-Excite 8,Running,Men,US 9,Grey/Black,Mesh,$75.00 
Fila,Spaghetti,Fashion,Women,US 7,White,Leather/Synthetic,$70.00 
Skechers,D'Lites Fresh Start,Walking,Men,US 10.5,Black,Leather,$60.00 
Nike,Air Force 1,Casual,Men,US 11,White,Leather,$90.00 
Adidas,NMD_R1,Lifestyle,Women,US 8,Black,Primeknit,$140.00 
Reebok,Nano 9,Training,Men,US 10.5,Red,Mesh,$130.00 
Converse,Jack Purcell,Casual,Women,US 7.5,White,Canvas,$65.00 
Puma,Calibrate Runner,Running,Men,US 8.5,Black,Mesh,$90.00 
Vans,Sk8-Hi,Skate,Women,US 9,Purple,Suede/Canvas,$65.00 
New Balance,Fresh Foam More v3,Running,Women,US 9,Grey,Mesh,$160.00 
Asics,Gel-Kahana 8,Running,Men,US 9.5,Blue,Mesh,$85.00 
Fila,Tracer,Fashion,Women,US 7.5,White,Synthetic,$65.00 
Skechers,Summits,Walking,Men,US 12,Black,Mesh,$65.00 
Nike,Epic React Flyknit,Running,Women,US 7.5,Grey,Flyknit,$150.00 
Adidas,Ultraboost 4.0,Running,Men,US 11,Black,Primeknit,$180.00 
Reebok,Legacy Lifter,Weightlifting,Men,US 9,White/Black,Synthetic,$200.00 
Converse,All Star Pro BB,Basketball,Women,US 7,Green,Leather,$100.00 
Puma,Cell Venom,Lifestyle,Men,US 10,Grey,Leather,$90.00 
Vans,Slip-On,Casual,Women,US 6.5,Checkerboard,Canvas,$50.00 
New Balance,574,Casual,Men,US 12,Burgundy,Suede/Mesh,$80.00 
Asics,Gel-Quantum 360 6,Running,Women,US 8.5,Pink,Mesh,$150.00 
Nike,Air Max 95,Running,Men,US 9,Grey,Leather/Synthetic,$170.00 
Adidas,NMD_R1,Lifestyle,Women,US 7.5,Pink,Primeknit,$140.00 
Reebok,Nano X1,Training,Men,US 11,Black,Mesh,$130.00 
Converse,Jack Purcell,Casual,Men,US 8,White,Canvas,$65.00 
Puma,Calibrate Rest,Running,Women,US 8.5,Black,Mesh,$100.00 
Vans,SK8-Hi,Skate,Men,US 9.5,Red,Suede/Canvas,$70.00 
New Balance,327,Lifestyle,Women,US 6.5,Grey,Suede/Mesh,$100.00 
Asics,Gel-Quantum 360 6,Running,Men,US 10.5,Black,Mesh,$180.00 
Fila,Original Fitness,Casual,Women,US 9,White,Leather,$70.00 
Skechers,Max Cushioning,Running,Men,US 10,Blue,Mesh,$90.00 
Nike,React Infinity Run Flyknit,Running,Women,US 8,Blue,Flyknit,$160.00 
Adidas,Yeezy Boost 350 V2,Lifestyle,Men,US 9,Cream White,Primeknit,$220.00 
Reebok,Classic Nylon,Casual,Women,US 7.5,Pink,Nylon,$65.00 
Converse,Chuck 70,Casual,Men,US 9,Black,Canvas,$85.00 
Puma,Clyde All-Pro,Basketball,Women,US 7.5,White,Leather,$130.00 
Vans,Era,Skate,Men,US 10,Black/White,Canvas,$55.00 
New Balance,574,Lifestyle,Women,US 8,Grey,Suede/Textile,$80.00 
Asics,Gel-Excite 8,Running,Men,US 9.5,Blue,Mesh,$70.00 
Fila,F-13,Fashion,Men,US 11,Black,Leather,$65.00 
Skechers,Go Walk 5,Walking,Women,US 6.5,Black,Mesh,$60.00 
Nike,Air Force 1,Casual,Men,US 8.5,White,Leather,$90.00 
Nike,Air Force 1,Casual,Men,US 9,White,Leather,$90.00 
Adidas,NMD_R1,Casual,Women,US 7,Black,Primeknit,$130.00 
Reebok,Zig Kinetica II,Running,Men,US 10,White,Mesh,$120.00 
Converse,Jack Purcell,Casual,Women,US 8.5,Navy,Canvas,$75.00 
Puma,Calibrate Runner,Running,Men,US 9.5,Black,Mesh,$90.00 
Vans,Sk8-Hi,Skate,Men,US 8.5,Black/White,Suede/Canvas,$70.00 
New Balance,FuelCell Rebel v2,Running,Women,US 8.5,Black/Pink,Mesh,$130.00 
Asics,Gel-Quantum 90,Running,Men,US 11,Grey,Mesh,$80.00 
Fila,Mindblower,Fashion,Women,US 7,White,Synthetic,$75.00 
Skechers,GOwalk 5,Walking,Men,US 9,Black,Mesh,$65.00 
Nike,Zoom Pegasus 38,Running,Women,US 8.5,Blue,Mesh,$120.00 
Adidas,Yeezy Boost 350 V2,Casual,Men,US 11,Cream White,Primeknit,$220.00 
Reebok,Classic Nylon,Casual,Women,US 7.5,Pink,Nylon,$65.00 
Converse,Chuck 70,Casual,Men,US 9,Red,Canvas,$85.00 
Puma,Suede Classic,Fashion,Women,US 6,Black,Suede,$65.00 
Vans,Era,Skate,Men,US 8,Grey,Canvas,$50.00 
New Balance,Fresh Foam Beacon v3,Running,Women,US 9,Grey,Mesh,$120.00 
Asics,Gel-Kayano 27,Running,Men,US 10,Black,Mesh,$160.00 
Fila,Disruptor III,Fashion,Women,US 8.5,White,Synthetic,$75.00 
Skechers,Max Cushioning,Running,Men,US 9.5,Blue,Mesh,$90.00 
Nike,Air Max 90,Casual,Women,US 7.5,Green,Leather,$120.00 
Nike,Air Max 97,Running,Men,US 11,Silver,Synthetic/Leather,$170.00 
Adidas,Superstar,Casual,Women,US 8.5,White/Black,Leather,$80.00 
Reebok,Zig Kinetica II,Running,Men,US 9,Grey,Mesh,$120.00 
Converse,Chuck 70,Casual,Men,US 12,Beige,Canvas,$85.00 
Puma,Calibrate Runner,Running,Women,US 7.5,Black/White,Mesh,$90.00 
Vans,Sk8-Hi,Skate,Men,US 9,Black/White,Suede/Canvas,$70.00 
New Balance,574,Casual,Women,US 7.5,Grey,Suede,$80.00 
Asics,Gel-Kayano 27,Running,Men,US 12,Black,Mesh,$160.00 
Fila,Mindblower,Fashion,Women,US 9.5,Grey/Pink,Synthetic,$75.00 
Skechers,Summits - New World,Walking,Men,US 10,Black,Mesh,$59.00 
Nike,Air Force 1,Casual,Women,US 8,White,Leather,$90.00 
Adidas,Adizero Adios 5,Running,Men,US 10.5,Blue,Mesh,$140.00 
Reebok,Nano 9,Training,Women,US 7,Black/White,Synthetic,$130.00 
Converse,Jack Purcell,Casual,Men,US 8.5,Navy,Canvas,$65.00 
Puma,Clyde All-Pro,Basketball,Women,US 7.5,White,Leather,$130.00 
Vans,Slip-On,Casual,Men,US 10,Black/White,Canvas,$50.00 
New Balance,FuelCell Propel V3,Running,Women,US 8.5,Pink/White,Mesh,$100.00 
Asics,Gel-Quantum 180,Running,Men,US 11.5,Black,Mesh,$120.00 
Fila,Ray Tracer Evo,Fashion,Women,US 8,White,Synthetic,$65.00 
Skechers,GOrun Razor Excess,Running,Men,US 9,Black/Yellow,Mesh,$125.00 
Nike,Zoom Pegasus 38,Running,Women,US 7.5,Pink,Mesh,$120.00 
Nike,Blazer Mid '77,Casual,Men,US 10,White/Black,Leather,$100.00 
Adidas,NMD_R1,Running,Women,US 7.5,Grey/Pink,Primeknit,$140.00 
Reebok,Nano 9,Crossfit,Men,US 11.5,Black,Mesh,$130.00 
Converse,Jack Purcell,Casual,Women,US 8.5,White,Canvas,$65.00 
Puma,Calibrate Runner,Running,Men,US 9.5,Black/Yellow,Mesh,$120.00 
Vans,SK8-Hi,Skate,Men,US 9,Black/White,Suede/Canvas,$65.00 
New Balance,327,Casual,Women,US 7.5,Purple,Suede/Leather,$100.00 
Asics,Gel-Cumulus 23,Running,Men,US 10,Blue/Black,Mesh,$120.00 
Fila,F-13,Casual,Women,US 9,White,Leather,$80.00 
Skechers,Go Walk 6,Walking,Men,US 10.5,Black/Grey,Mesh,$60.00 
Nike,Air Force 1,Casual,Women,US 8,White,Leather,$90.00 
Adidas,Superstar,Casual,Men,US 10,Black/White,Leather,$85.00 
Reebok,Classic Nylon,Casual,Women,US 7,Pink,Nylon,$60.00 
Converse,Chuck 70,Casual,Men,US 11,Grey,Canvas,$85.00 
Puma,Clyde All-Pro,Basketball,Women,US 7.5,White,Leather,$130.00 
Vans,Slip-On,Casual,Men,US 8.5,Black/White,Canvas,$50.00 
New Balance,574,Casual,Women,US 8.5,Navy,Suede/Leather,$80.00 
Asics,GT-2000 9,Running,Men,US 9.5,Black,Mesh,$120.00 
Fila,Grant Hill 2,Basketball,Women,US 8,White/Navy,Leather,$95.00 
Skechers,Elite Flex,Walking,Men,US 9.5,Grey,Knit,$70.00 
Nike,Air Force 1,Casual,Men,US 9,White,Leather,$90.00 
Adidas,NMD_R1,Lifestyle,Women,US 7,Grey,Primeknit,$140.00 
Reebok,Nano X1,Training,Men,US 11.5,Black,Mesh,$130.00 
Converse,Chuck 70,Casual,Women,US 8.5,Cream,Canvas,$85.00 
Puma,Suede Classic,Casual,Men,US 10.5,Black/White,Suede,$65.00 
Vans,Sk8-Hi,Skate,Men,US 8,Black/White,Canvas,$70.00 
New Balance,327,Lifestyle,Women,US 8,White/Grey,Suede/Mesh,$90.00 
Asics,Gel-Quantum 90,Running,Men,US 10,Grey,Mesh,$80.00 
Fila,Mindblower,Fashion,Women,US 7,Pink,Leather/Synthetic,$75.00 
Skechers,Max Cushioning,Walking,Men,US 9.5,Black,Mesh,$80.00 
Nike,React Infinity Run Flyknit 2,Running,Women,US 6.5,Pink,Flyknit,$160.00 
Adidas,Ultraboost DNA,Running,Men,US 9.5,White,Primeknit,$180.00 
Reebok,Zig Kinetica II,Running,Women,US 8,Blue,Mesh,$120.00 
Converse,Jack Purcell,Casual,Men,US 9,White,Canvas,$65.00 
Puma,Calibrate Runner,Running,Women,US 7,Grey,Mesh,$90.00 
Vans,Era,Skate,Men,US 10,Black,Canvas,$50.00 
New Balance,Fresh Foam Hierro v6,Trail Running,Men,US 11.5,Green,Synthetic/Mesh,$135.00 
Asics,Gel-Kayano 27,Running,Women,US 8.5,Blue,Mesh,$160.00 
Fila,Ray Tracer Evo,Fashion,Men,US 11,Black/White,Synthetic,$75.00 
Skechers,Go Run Mojo,Running,Women,US 7.5,Black,Mesh,$60.00 
Nike,Air Force 1,Casual,Men,US 11,White,Leather,$90.00 
Adidas,NMD_R1,Running,Women,US 7,Pink,Primeknit,$130.00 
Reebok,Nano 9,Training,Men,US 10.5,Black,Mesh,$130.00 
Converse,Jack Purcell,Casual,Women,US 8.5,White,Canvas,$65.00 
Puma,Clyde All-Pro,Basketball,Men,US 9,Black,Leather,$130.00 
Vans,Sk8-Hi,Skate,Women,US 7.5,Black/White,Suede/Canvas,$70.00 
New Balance,327,Casual,Men,US 9,Navy,Suede/Mesh,$100.00 
Asics,Gel-Kinsei OG,Running,Women,US 7,White,Mesh,$180.00 
Fila,Venom,Fashion,Men,US 11,Grey,Synthetic,$75.00 
Skechers,GOrun 7+,Running,Women,US 8,Black/Pink,Mesh,$95.00 
Nike,Blazer Mid '77,Casual,Men,US 12,White,Leather,$100.00 
Adidas,Ultraboost DNA,Running,Women,US 6,Blue,Primeknit,$180.00 
Reebok,Classic Nylon,Casual,Men,US 9.5,Black,Nylon,$65.00 
Converse,Chuck 70,Casual,Women,US 9,Cream,Canvas,$85.00 
Puma,Calibrate Runner,Running,Men,US 10,Black/Yellow,Mesh,$120.00 
Vans,Era,Skate,Women,US 6.5,Red,Canvas,$50.00 
New Balance,FuelCell Rebel V2,Running,Men,US 11,Black/Yellow,Mesh,$110.00 
Asics,Gel-Venture 8,Trail Running,Women,US 8,Grey,Mesh,$70.00 
Fila,Original Fitness,Casual,Men,US 10,White,Leather,$70.00 
Skechers,Max Cushioning Premier,Walking,Women,US 7,Grey,Mesh,$80.00 
Nike,React Infinity Run Flyknit,Running,Men,US 10.5,Blue,Flyknit,$160.00 
Nike,React Infinity Run Flyknit,Running,Women,US 7,Black,Flyknit,$160.00 
Adidas,Superstar,Casual,Men,US 10.5,White/Gold,Leather/Synthetic,$85.00 
Reebok,Nano X1,Training,Women,US 8.5,Pink,Flexweave/Synthetic,$130.00 
Converse,Chuck 70,Casual,Men,US 11.5,Yellow,Canvas,$85.00 
Puma,Calibrate Runner,Running,Women,US 9,Grey,Mesh,$80.00 
Vans,Sk8-Hi,Skate,Men,US 9,Black/White,Canvas/Suede,$65.00 
New Balance,327,Lifestyle,Women,US 7,Blue,Suede/Mesh,$90.00 
Asics,Gel-Quantum 90,Running,Men,US 9,Black/White,Mesh/Synthetic,$80.00 
Fila,Mindblower,Fashion,Women,US 8,Pink,Leather/Synthetic,$70.00 
Skechers,Go Run Mojo,Running,Men,US 8,Black,Mesh,$60.00 
Nike,Air Force 1,Casual,Women,US 8.5,White,Leather,$90.00 
Adidas,NMD_R1,Casual,Men,US 9.5,Black/White,Mesh,$130.00 
Reebok,Floatride Energy 3,Running,Women,US 6.5,Black,Mesh,$100.00 
Converse,All Star Pro BB,Basketball,Men,US 12,Red,Leather/Synthetic,$120.00 
Puma,RS-2K,Lifestyle,Women,US 7.5,White,Leather/Synthetic,$110.00 
Vans,Era,Skate,Men,US 8,Navy,Canvas,$50.00 
New Balance,FuelCell Rebel v2,Running,Women,US 8.5,Pink,Mesh/Synthetic,$130.00 
Asics,Gel-Kayano 27,Running,Men,US 10,Black,Mesh/Synthetic,$160.00 
Fila,Trigate,Fashion,Women,US 9,Black,Leather/Synthetic,$65.00 
Skechers,Go Walk 6,Walking,Men,US 9.5,Black,Mesh,$60.00 
Nike,Air Force 1 '07,Casual,Men,US 11,White,Leather,$90.00 
Adidas,NMD_R1,Lifestyle,Women,US 8,Pink/White,Primeknit,$130.00 
Reebok,Nano X,Crossfit,Men,US 10.5,Black,Synthetic,$130.00 
Converse,Chuck 70 High Top,Casual,Men,US 9.5,Black/White,Canvas,$85.00 
Puma,Calibrate Runner,Running,Women,US 9,Blue/White,Mesh,$90.00 
Vans,Sk8-Hi,Skate,Men,US 10,Black/White,Suede/Canvas,$70.00 
New Balance,327,Lifestyle,Women,US 7.5,Green,Suede/Nylon,$90.00 
Asics,Gel-Kayano 27,Running,Men,US 9.5,Grey,Mesh,$160.00 
Fila,Mindblower,Fashion,Women,US 7.5,White/Blue,Leather/Synthetic,$75.00 
Skechers,Elite Flex Wasick,Training,Men,US 8,Navy,Mesh,$65.00 
Nike,Air Zoom Pegasus 38,Running,Women,US 6.5,Grey/Pink,Mesh,$120.00 
Adidas,Ultraboost DNA,Running,Men,US 11.5,Black/White,Primeknit,$180.00 
Reebok,Club C Revenge,Casual,Women,US 8.5,Pink/White,Leather,$80.00 
Converse,Jack Purcell,Casual,Men,US 9,Navy,Canvas,$65.00 
Puma,Clyde All-Pro,Basketball,Women,US 7,Black/White,Leather,$130.00 
Vans,Era,Skate,Men,US 9.5,Red,Canvas,$50.00 
New Balance,FuelCell Propel V3,Running,Women,US 8.5,Black,Mesh,$90.00 
Asics,Gel-Nimbus Lite 2,Running,Men,US 10,Black,Mesh,$150.00 
Fila,V94M,Fashion,Women,US 8.5,White/Blue,Leather/Synthetic,$75.00 
Nike,Air Force 1 '07,Casual,Men,US 11,White,Leather,$90.00 
Adidas,NMD_R1,Lifestyle,Women,US 8,Pink/White,Primeknit,$130.00 
Reebok,Nano X,Crossfit,Men,US 10.5,Black,Synthetic,$130.00 
Converse,Chuck 70 High Top,Casual,Men,US 9.5,Black/White,Canvas,$85.00 
Puma,Calibrate Runner,Running,Women,US 9,Blue/White,Mesh,$90.00 
Vans,Sk8-Hi,Skate,Men,US 10,Black/White,Suede/Canvas,$70.00 
New Balance,327,Lifestyle,Women,US 7.5,Green,Suede/Nylon,$90.00 
Asics,Gel-Kayano 27,Running,Men,US 9.5,Grey,Mesh,$160.00 
Fila,Mindblower,Fashion,Women,US 7.5,White/Blue,Leather/Synthetic,$75.00 
Skechers,Elite Flex Wasick,Training,Men,US 8,Navy,Mesh,$65.00 
Nike,Air Zoom Pegasus 38,Running,Women,US 6.5,Grey/Pink,Mesh,$120.00 
Adidas,Ultraboost DNA,Running,Men,US 11.5,Black/White,Primeknit,$180.00 
Reebok,Club C Revenge,Casual,Women,US 8.5,Pink/White,Leather,$80.00 
Converse,Jack Purcell,Casual,Men,US 9,Navy,Canvas,$65.00 
Puma,Clyde All-Pro,Basketball,Women,US 7,Black/White,Leather,$130.00 
Vans,Era,Skate,Men,US 9.5,Red,Canvas,$50.00 
New Balance,FuelCell Propel V3,Running,Women,US 8.5,Black,Mesh,$90.00 
Asics,Gel-Nimbus Lite 2,Running,Men,US 10,Black,Mesh,$150.00 
Fila,V94M,Fashion,Women,US 8.5,White/Blue,Leather/Synthetic,$75.00 
Nike,Air Force 1,Casual,Men,US 11,White,Leather,$90.00 
Adidas,NMD_R1,Lifestyle,Women,US 7.5,Pink,Primeknit,$130.00 
Reebok,Nano X1,Crossfit,Men,US 9.5,Grey,Knit,$130.00 
Converse,Chuck 70,Casual,Women,US 9.5,Black,Canvas,$85.00 
Puma,Calibrate,Running,Men,US 10,Grey,Mesh,$120.00 
Vans,SK8-Hi,Skate,Men,US 8,Red/White,Suede/Canvas,$70.00 
New Balance,327,Lifestyle,Women,US 6.5,Purple,Suede/Mesh,$100.00 
Asics,Gel-Quantum 180,Running,Men,US 11.5,Black,Mesh,$120.00 
Fila,Trailblazer,Fashion,Women,US 8,Brown,Leather,$75.00 
Skechers,Max Cushioning,Running,Women,US 7.5,Navy,Mesh,$90.00 
Nike,Air Zoom Pegasus 38,Running,Men,US 9.5,Blue,Mesh,$120.00 
Adidas,Superstar,Casual,Women,US 8.5,White/Black,Leather,$85.00 
Reebok,Classic Nylon,Casual,Men,US 10,Grey,Nylon,$65.00 
Converse,Jack Purcell,Casual,Men,US 9.5,White,Canvas,$65.00 
Puma,RS-2K,Lifestyle,Women,US 7.5,Black,Mesh/Suede,$110.00 
Vans,Slip-On,Skate,Men,US 9,Black/White,Canvas,$50.00 
New Balance,FuelCell Rebel v2,Running,Women,US 9,Green/Black,Mesh,$130.00 
Asics,Gel-Kayano Lite,Running,Men,US 9,Grey,Mesh,$160.00 
Fila,Mindblower,Fashion,Women,US 7.5,White,Leather,$75.00 
Skechers,D'Lites,Walking,Men,US 11,White,Leather,$65.00 
Nike,Air Max 97,Running,Women,US 8,Silver,Leather/Synthetic,$170.00 
Nike,Air Force 1,Lifestyle,Men,US 11,White,Leather,$90.00 
Adidas,Yeezy Boost 350,Lifestyle,Women,US 8.5,Clay Brown,Primeknit,$220.00 
Reebok,Nano X,Training,Men,US 9.5,Black/Red,Synthetic/Mesh,$130.00 
Converse,Chuck 70,Casual,Women,US 7,Natural Ivory,Canvas,$85.00 
Puma,Cali Sport,Lifestyle,Men,US 10,Black/White,Leather/Synthetic,$80.00 
Vans,Sk8-Hi,Skate,Women,US 9,Red/White,Suede/Canvas,$70.00 
New Balance,FuelCell Rebel v2,Running,Men,US 8.5,Blue/Orange,Mesh,$130.00 
Asics,Gel-Cumulus 23,Running,Women,US 7.5,White/Black,Mesh,$120.00 
Fila,D-Formation,Fashion,Men,US 11,White/Navy,Leather/Synthetic,$65.00 
Skechers,Max Cushioning Premier,Running,Women,US 6.5,Black/White,Mesh,$90.00 
Nike,Air Zoom Pegasus 38,Running,Men,US 12,Black,Mesh,$120.00 
Adidas,Superstar,Casual,Women,US 7.5,Cloud White,Leather,$80.00 
Reebok,Classic Nylon,Casual,Men,US 10.5,Collegiate Navy,Nylon/Suede,$65.00 
Converse,Jack Purcell,Casual,Women,US 8,Black/White,Canvas,$65.00 
Puma,Suede Classic,Lifestyle,Men,US 8.5,Black/White,Suede,$65.00 
Vans,Era,Skate,Women,US 6,Black/White,Canvas,$50.00 
New Balance,Fresh Foam Hierro v6,Trail,Men,US 10,Black/Red,Mesh/Synthetic,$135.00 
Asics,Gel-Excite 8,Running,Women,US 9,Black,Mesh,$75.00 
Fila,Mindblower,Fashion,Men,US 12,White/Navy/Red,Synthetic/Leather,$65.00 
Nike,Air Force 1,Casual,Men,US 9,White,Leather,$90.00 
Adidas,NMD_R1,Lifestyle,Women,US 8,Black,Primeknit,$140.00 
Reebok,Nano X,Crossfit,Men,US 10.5,Black,Mesh,$130.00 
Converse,Jack Purcell,Casual,Men,US 8.5,White,Canvas,$70.00 
Puma,Calibrate Runner,Running,Women,US 7,Grey,Mesh,$80.00 
Vans,Sk8-Hi,Skate,Men,US 10.5,Black/White,Canvas/Suede,$70.00 
New Balance,FuelCell Rebel v2,Running,Women,US 9,White/Green,Mesh,$130.00 
Asics,Gel-Quantum 360 6,Running,Men,US 9.5,Blue,Mesh,$150.00 
Fila,Mindblower,Fashion,Women,US 8.5,Pink,Leather,$80.00 
Skechers,Go Walk 5,Walking,Men,US 11,Black,Mesh,$65.00 
Nike,React Infinity Run Flyknit 2,Running,Women,US 8.5,Pink,Flyknit,$160.00 
Adidas,Ultraboost DNA,Running,Men,US 8.5,White,Primeknit,$180.00 
Reebok,Aztrek 96,Casual,Women,US 7.5,Yellow,Leather/Synthetic,$90.00 
Converse,Chuck 70,Casual,Men,US 7,Red,Canvas,$85.00 
Puma,Mirage Sport,Lifestyle,Women,US 6,Pink,Leather,$90.00 
Vans,Era,Skate,Men,US 9.5,Black/White,Canvas,$50.00 
New Balance,Fresh Foam 880v11,Running,Women,US 10,Grey,Mesh,$130.00 
Asics,Gel-Kayano Lite,Running,Men,US 9.5,Black,Mesh,$160.00 
Fila,Venom 94,Fashion,Women,US 7.5,White,Leather,$70.00 
Skechers,Summits,Training,Men,US 8,Grey,Mesh,$55.00 
Nike,Air Max 97,Running,Women,US 7.5,Silver,Leather,$170.00 
